hola,google.com,failure,2026-06-19 17:27:29
hola,google.com,failure,2026-06-19 17:27:39
hola,nostarch.com,failure,2026-06-19 17:28:50
hola,nostarch.com,failure,2026-06-19 17:29:00
hola,nostarch.com,failure,2026-06-19 17:29:40
hola,nostarch.com,failure,2026-06-19 17:29:45
hola,nostarch.com,failure,2026-06-19 17:32:23
hola,nostarch.com,failure,2026-06-19 17:32:40
hola,nostarch.com,failure,2026-06-19 17:32:47
hola,nostarch.com,failure,2026-06-19 17:34:23
hola,nostarch.com,failure,2026-06-19 17:45:30
